Asc	Asp	Cr	CrCH2	GABA	GPC	GSH	Gln	Glu	mI	Lac	NAA	NAAG	PCh	PCr	PE	sI	Tau	MM09	MM12	MM14	MM17	MM20	Lip09	Lip13	Lip20	tNAA	Glx	tCho	tCr
0.127658830943142	0.221134665803575	0.58783097466477	0.138826460644497	0.086412455617611	0.150800370615512	0.161100080779131	0.328963030556318	0.964505438992772	0.693290663978047	0.0339188549763698	1.35219619811045	0.160488687465813	0.0250734478231963	0.41216902533523	0.453053317915267	0.0160804137288358	0.116271213934863	0.390290624584717	0	0.142903541608306	0.287971438635326	0.461358732400278	0.0679178177913868	0.193448262653881	0.0679411288700527	1.51268488557626	1.29346846954909	0.175873818438709	1
0.0193918070246901	0.257303883236442	0.601542119385879	0.254860224659058	0.10681003379999	0.113630899743058	0.291384729776326	0.37757923902493	0.952791644478542	0.708617917056343	0.0229894795074791	1.35099234953851	0.136903454677518	0.074530220163438	0.398457880614121	0.500772615558687	0.0304933780674195	0.319008311713106	0.411126533312525	0	0.193379132261304	0.281680649824227	0.435187064036692	0.129844311189846	0.228226377745805	0.0639388507714096	1.48789580421603	1.33037088350347	0.188161119906496	1
0	0.274256845212005	0.841299922831434	0	0.047772017956212	0.098393848778555	0.210595333199745	0.250587587876036	1.09065577634474	0.743062973679648	0.0379611933664474	1.34663393170274	0.159061192687745	0.0801701851405204	0.158700077168566	0.407310153839032	0.0759913348781724	0.608176312537267	0.299756074424582	0.00671815906091208	0.203037682186147	0.101531329201883	0.254873063017277	0.233189071404664	0.313609731703231	0.0704200832214169	1.50569512439048	1.34124336422078	0.178564033919075	1
0.235601559772806	0.270327055236145	0.55736129220168	0.0837926891168537	0.107444769605924	0.0888663614926921	0.266490753701456	0.314669521198766	0.973619406086884	0.704244915801925	0.0142033504066056	1.30533284000206	0.180411715745288	0.0832948986958969	0.44263870779832	0.392052625301197	0.0371439237756777	0.272614485425996	0.459864478332673	0	0.179101176139465	0.354087840108928	0.45900129224548	0.105062475556678	0.251099511831469	0.0770184426814924	1.48574455574734	1.28828892728565	0.172161260188589	1
0.147360137451002	0.290079893977479	0.539736712883391	0.132375862143137	0.182381470410047	0.0858389752652857	0.253956391859811	0.287164326206032	0.968456266962483	0.759311073153784	0.0228563176744193	1.37602152097126	0.191827128055792	0.0768395808339223	0.460263287116609	0.364905611298936	0.0193253431892244	0.136494811166749	0.360393931463737	0	0.183099927239897	0.252066190568111	0.408508398694219	0.105207372450411	0.190536968011999	0.0617026601283907	1.56784864902705	1.25562059316851	0.162678556099208	1
0	0.316164320778868	0.476683224610392	0.277188881973356	0.107141413469111	0.164125699463381	0.265324253037613	0.256883311129229	1.01289249419522	0.660568880532654	0.00960247447866296	1.42095787460006	0.0900804302988252	0.0312866152675691	0.523316775389608	0.806865393389693	0.0353841357224952	0.0869242630878883	0.384663842279186	0	0.190157572837049	0.248565094360296	0.408360828372831	0.216985698375571	0.258680489029288	0.0860500414878389	1.51103830489889	1.26977580532445	0.19541231473095	1
0.0408132578346139	0.225754881221188	0.459311628015886	0.219008150240308	0.0768987684353449	0.156700318896518	0.216844178704125	0.340582224591681	0.829284209289198	0.671471816199334	0.0153486426886361	1.21463425725124	0.174367655977128	0.00939456384005677	0.540688371984114	0.436139149461941	0	0.0236339692072034	0.427756883996369	0	0.199632934832412	0.320478605137137	0.535888925034962	0.0966761259166631	0.21537560524692	0.0453512203892643	1.38900191322837	1.16986643388088	0.166094882736575	1
0.00175874658811859	0.282344223502465	0.444786429171889	0	0.133586937913707	0.146341797516681	0.14039512088956	0.258719981976398	0.970035030598272	0.850177353030672	0.0270119007011044	1.24162390923501	0.209091988589527	0.0147089909459093	0.555213570828111	0.300868688778278	0.000712609320191421	0.127448884211536	0.375444483340552	0	0.171192693803904	0.338026139804878	0.499137954983992	0.129028389018626	0.194185274207435	0.0602109607445341	1.45071589782454	1.22875501257467	0.16105078846259	1
0	0.327265605083512	0.740607208501919	0.271459360697824	0.187428213874722	0.0596728247367127	0.244548167951181	0.297097216657475	1.05341874683005	0.999851583166687	0.0830976482970383	1.31105153363252	0.149498680252087	0.117166731022665	0.259392791498081	0.309289904305371	0.0412188898601197	0.361413219812773	0.264355281180539	0	0.121808900929274	0.278782252150793	0.368680282282505	0.133990220325382	0.191723230137054	0.0882312536376486	1.46055021388461	1.35051596348752	0.176839555759378	1
0	0.250663457852391	0.451026019860765	0.160845835722161	0.0641337704658748	0.153929071634233	0.241426645383938	0.304167449110423	1.05395759450389	0.965237561915635	0.023409420054619	1.3478019840141	0.178911937457889	0.0413372960511808	0.548973980139235	0.40971864240032	0	0.165415036924551	0.447254002174323	0	0.213596693799405	0.298207493060495	0.509210418766739	0.266957426812884	0.297090291681569	0.102983292248919	1.52671392147199	1.35812504361431	0.195266367685414	1
0.127850047876359	0.206722614319061	0.156229075120088	0.141813350422543	0.146865642886748	0.153553336747923	0.201628791050059	0	0.895491914359912	1.00180144776024	0.0653800859469584	1.27586813771142	0.0707970369744658	0.00117281507292889	0.843770924879912	0.179613551053616	0	0.0800905892363973	0.193482732845604	0.252882410443036	0.14312702942527	0.00252787963630854	0.212265661028502	0.236026251541187	0.374563575180237	0.106862322400427	1.34666517468589	0.895491914359912	0.154726151820852	1
0.0200564426287722	0.341402429311889	0.583303137122176	0.0727467343880635	0.155209886047398	0.12182532264801	0.201985484070494	0.317599741165927	1.03819631451263	0.843058822398426	0.00607476344829255	1.25415620466548	0.174781395005942	0.0395262068979699	0.416696862877824	0.468685284002229	0.0136074666474093	0.174638548326983	0.402150838657367	0	0.28570134892582	0.315758744599215	0.519780159508771	0.0858320885545947	0.158453170351555	0.0420409644220885	1.42893759967142	1.35579605567855	0.16135152954598	1
0	0.228498707527	0.740164368316209	0.0996772822493543	0.239670300943308	0.0738367100572048	0.233966691955011	0.0434933257038754	0.967880903279654	0.875462549430826	0.196885577466549	1.5562055130885	0.0929149719275111	0.117741458665177	0.259835631683791	0.234798591955092	0.0390792148340845	0.380347722180227	0.0246871017506343	0.685555916619268	0.109389764635849	0	0	0.129954461082639	0.717089192597179	0.0620297099055054	1.64912048501601	1.01137422898353	0.191578168722382	1
0.0650670687376594	0.264835229555253	0.688647773939663	0.11636235562016	0.19505590128559	0.0889018874488787	0.173754626958833	0.250937268979309	1.12597811005851	0.809084350366197	0.0456684296433615	1.58329272968998	0.223264506464211	0.0736473592399337	0.311352226060337	0.37276570230068	0.0314165471191503	0.210098044350524	0.317581641737632	0.133726797153422	0.116619034920338	0.0777905515375177	0.303520841689682	0.250192085638788	0.388016234354059	0.070723242834077	1.80655723615419	1.37691537903782	0.162549246688812	1
0.0100539517562312	0.29885443978676	0.671575128241498	0.137690153414737	0.255704829525531	0.0602149847819904	0.233690555910295	0.127120730923725	1.27827957989908	1.03345870377252	0.0946443976498969	1.72171567868036	0.116289398887704	0.138914840675098	0.328424871758502	0.38195063812901	0.0419168482758207	0.34079659592738	0.0149276070418716	0.278815533759499	0.176899334253132	0	0	0.121540323564293	0.414158748009805	0.0286626317736163	1.83800507756807	1.40540031082281	0.199129825457088	1
0.05293225132931	0.278559048720747	0.801567797995017	0.145107873238619	0.179602883665255	0.0699660819450631	0.16362055348264	0.269378906827424	1.0257983827737	0.807359719179038	0	1.41497932514328	0.235945029687202	0.0960123187261741	0.198432202004983	0.395681844910458	0.0464116750095027	0.226299261457423	0.970858210924771	0	0.900138630741278	0.423514460209168	0.780548338896867	0.0150051653296403	0.00724059643648706	0.111626419304532	1.65092435483049	1.29517728960112	0.165978400671237	1
0.0198609322217363	0.26655089125083	0.679540120445104	0.145743616756604	0.242168488121305	0.0749537380524435	0.186242476249526	0.194439482033907	0.963888615150228	0.912581388658122	0.0311435496168882	1.35813392405994	0.122794301694858	0.103804260563822	0.320459879554896	0.352881705909842	0.0345351338287231	0.294661597643738	0.199502084345112	0.0206345945969836	0.146804012565856	3.46392627971038e-05	0.114891537882619	0.134411920602142	0.226982789676572	0.0397859791434499	1.4809282257548	1.15832809718413	0.178757998616266	1
0.00224893335037452	0.201841264061981	0.642732512149732	0.164901861921258	0.121072468536031	0.0857421720225431	0.236718263082335	0.0931722330597574	0.930878800033404	0.969116255572887	0.280136815568288	1.57583761913692	0.180454466582806	0.0820342758736893	0.357267487850268	0.350624194822304	0.0289286075536075	0.227331930792613	0.255369875676788	0.26464167549513	0.377586176337014	0	0.103226641205698	0.280506249498915	0.559944389883571	0.0388290572267758	1.75629208571972	1.02405103309316	0.167776447896232	1
0.0210781367912686	0.240157191990419	0.721346787869402	0.162762828757065	0.23507808458882	0.0528457021345429	0.219555356654258	0.122429780023968	0.959674945593651	0.768070264793718	0.13965340087583	1.55991877894015	0.126099597364019	0.138866376975473	0.278653212130598	0.258736426425178	0.0479169872786396	0.35163900629941	0.0742877940829002	0.494756006942567	0.0406308667294666	0	0	0.154951057620383	0.597192591983938	0.0721746022331932	1.68601837630417	1.08210472561762	0.191712079110016	1
0.0102076741706862	0.23349562599564	0.69891650100853	0.0741072046299966	0.236027879050565	0.0701064603221141	0.257914846269133	0	0.997052506405013	0.900249365813659	0.137796546316111	1.71538469790503	0.12372021183411	0.134374323280002	0.30108349899147	0.22010586091898	0.0307966641029415	0.360254761734186	0.342594812307893	0.0649497428095275	0.345081498857207	0	0.107318366158722	0.236239893334654	0.45286423266585	0.0404885151768516	1.83910490973914	0.997052506405013	0.204480783602116	1
0.0195073665301244	0.251036134848064	0.875182649806704	0.20129479718512	0.178346464542146	0.0762970709853523	0.193284244689753	0.274446063902046	1.10603340514814	0.837732207834835	0.0753391972658125	1.55533849971732	0.229103277678794	0.0992116282325488	0.124817350193296	0.306638590077308	0.0220740357910469	0.281340305314852	0.263656542503417	0.148322744288211	0.175801815937491	0.0599226745027486	0.308349000232327	0.233222996920245	0.442986471609167	0.0797536715973573	1.78444177739611	1.38047946905018	0.175508699217901	1
0.00926752004626652	0.255434666722365	0.695037431917794	0.215674888733171	0.137050706636543	0.0803968256477636	0.212462673633059	0.11844203202756	1.10139139333549	0.856823282313916	0.0168702676730883	1.66548619757244	0.15449673866101	0.121471106426124	0.304962568082206	0.345584654064016	0.0245173130213786	0.359513310835622	0.324808097212848	0.135468292527807	0.209462180891999	0	0.145003892595873	0.213245105631457	0.371993205956189	0.04996590120353	1.81998293623345	1.21983342536305	0.201867932073888	1
0.0540190206836376	0.325777444368695	0.756136780689953	0.120390440109819	0.230892177077461	0.0543516794693535	0.195901252150945	0.141324604142426	1.154257377418	0.86490943818617	0	1.50776181624772	0.185817010008908	0.10584404673349	0.243863219310047	0.261081619114901	0.0340821802894552	0.303567544340296	0.166029061570218	0.0652263348575817	0.194905893420702	0	0.0649905971701388	0.119332593455789	0.115027534670493	0.0287341160849622	1.69357882625663	1.29558198156043	0.160195726202843	1
0.0480624844267682	0.242737808475842	0.714768662632405	0.136034257176103	0.2664744998306	0.0653000454283053	0.244026318247955	0.0500287611440715	1.01359745380365	0.867192573958539	0.10588614934786	1.78609871400274	0.170296146463468	0.120623858033067	0.285231337367595	0.329994656016494	0.0372516187729835	0.287618708168697	0.131032653765808	1.00259607837692	0.0495197761813343	0	0	0.193751334772609	0.985638341921158	0.0621165895973253	1.95639486046621	1.06362621494772	0.185923903461372	1
0	0.171321701824021	0.632856101399643	0	0.0863285038714378	0.101306851612453	0.177259882557266	0	0.92148338344609	1.02230603011969	0.266650614700008	1.35533975347749	0.190725071219263	0.0782926257961947	0.367143898600357	0.0596000925475297	0.016148606990346	0.2047522644791	0.0760583392195224	0.488167207895917	0.275058340057642	0	0	0.169871112262738	0.783341760664534	0.0798049595100571	1.54606482469675	0.92148338344609	0.179599477408648	1
0	0.22212203090654	0.804559827650867	0.0923951908205481	0.174264123649475	0.0900408296722699	0.225696009318326	0.132081263636712	0.873605397944285	0.841967256791269	0.059829137218531	1.67622434657642	0.192552631090855	0.113886282062608	0.195440172349133	0.258213078659312	0.0520144493987849	0.188837951909631	0.316130474413878	0.0851962768819182	0.186329359027569	0.0461509214756852	0.22826285899263	0.27673426499082	0.309888286733527	0.0667529484258374	1.86877697766727	1.005686661581	0.203927111734878	1
0	0.249020613457807	0.914513412801516	0.0969697000656909	0.0166883855469865	0.069657117025084	0.21267908044373	0.0137868091729402	0.965772815774849	0.867677700396646	0.0252620575589987	1.36567661257508	0.342113795775523	0.116817534636554	0.0854865871984844	0.194434609967167	0.0402134682937101	0.188404317348296	0.25835118573838	0.0589695306085682	0.216370686676071	0.10345309707622	0.350865352793335	0.106490322069995	0.348502372333797	0.105820390364364	1.7077904083506	0.97955962494779	0.186474651661638	1
0.0128155813921263	0.236928272995045	0.611166948387172	0.0380607098518771	0	0.163272148783297	0.273917671723913	0	0.931280555015494	0.892482592085615	0.0727435471233671	1.51211795516971	0.297196668589555	0.0267647939934913	0.388833051612828	0.374686678812063	0.0393581929559421	0.0480372099153293	0.331085107582552	0.153436357294068	0.238257719748337	0.103986937816536	0.324522087704006	0.210293344418408	0.359502096153074	0.102997133594961	1.80931462375926	0.931280555015494	0.190036942776788	1
0	0.257976551734053	0.792194333520493	0.0160125570475957	0.0600381862921289	0.0592168414154132	0.192263532276039	0.000323654522090042	0.820385522060587	0.78971791589414	0.235789657041604	1.58306772580259	0.235946477755243	0.13382402159177	0.207805666479507	0.155738672312533	0.00122650321533959	0.289981112244264	0.353344103515511	0.422208703941501	0.371449359778799	0	0.150401494598876	0.321041750935641	0.795187261454298	0.0715924170413326	1.81901420355783	0.820709176582677	0.193040863007183	1
0.015258875091297	0.19089682717664	0.631531570291053	0.097740827744107	0.190133805674613	0.0934254505429428	0.19522373569921	0.107708571571271	0.895047588148108	0.889497738456191	0.133311727517848	1.4662321592739	0.125028274159381	0.126415776278883	0.368468429708947	0.312981861264879	0.0255985702250485	0.191680582107787	0.167517889361458	0.937322793068258	0.0572195933352935	0	0	0.34894964751805	1.02186786691344	0.0541908902486106	1.59126043343328	1.00275615971938	0.219841226821825	1
0	0.190952639348926	0.662440612568687	0.121470647569331	0.109247433786088	0.102157243984331	0.249177101527406	0.0950803105594241	1.03365573173708	0.980844447265333	0.0639078698872104	1.54584187025139	0.0256783448871728	0.094803017103232	0.337559387431313	0.29044373744787	0.0357742943877008	0.237525230451913	0.161355299863821	0.200660120550593	0.191137617090138	0	0.0542022835088556	0.123390359521027	0.39009465802094	0.0607384063289196	1.57152021513857	1.12873604229651	0.196960261087563	1
0.0593349285708189	0.180861122984661	0.663431372476438	0.0616013828643452	0.141666825620631	0.0776685908045222	0.194358067935852	0.0725446474327602	0.739518046334201	0.747981309691477	0.126233293667201	1.45683444117721	0.0772716331543382	0.111088661991465	0.336568627523562	0.355456151106303	0.0505358700515729	0.121260843116729	0.258039411147427	0.21914598976868	0.210957524453205	0	0.0785351932244751	0.202856037565514	0.448431369180779	0.0417716007603204	1.53410607433155	0.812062693766961	0.188757252795987	1
0.0545647988015967	0.174790358000015	0.598013311929638	0.107639026420141	0.0760828474809591	0.152574108180011	0.262725107456054	6.98396351453657e-07	0.83907721777039	0.897813401469367	0.0416836742088136	1.26909832557358	0.0835309996773838	0.0427389569954076	0.401986688070362	0.365103991272059	0.0631760496760468	0.150486857190038	0.0782095055923147	0.196028055817576	0.166060749278375	0	0	0.0584120696168113	0.285306057412895	0.0554781742164782	1.35262932525096	0.839077916166741	0.195313065175419	1
0.0183648022040909	0.243006233263811	0.614186897789151	0.198708545926305	0.221886379066221	0.15150805073494	0.249289933781637	0.170885429353694	1.06879686435687	1.10047157375722	0.0894671505354727	1.63982628004248	0.13043766881892	0.0445407459789302	0.385813102210849	0.380876127820241	0.0335037922843577	0.0744016961504469	0.215819185427011	0.227294228608584	0.353410639165526	0	0.133379665528825	0.159060332409826	0.404121153951369	0.0326401541293614	1.7702639488614	1.23968229371057	0.19604879671387	1
0.132198467580963	0.241130669451958	0.704157888523986	0.172512074968032	0.143471579662591	0.123048024252364	0.198118005045143	0.163765733572004	0.944534613749834	0.815213093508606	0.202221414041472	1.59691515920281	0.113022749565584	0.0682039682585581	0.295842111476014	0.354570132454602	0.0379062658063739	0.179470142912507	0.41665037885958	0	0.444469845774796	0.00724279181218718	0.259130252096688	0.248661669889275	0.414685484694326	0.0591341790635289	1.7099379087684	1.10830034732184	0.191251992510922	1
0	0.197405961439021	0.614135183992661	0.0888516931495084	0.116974060501439	0.0960769436698489	0.191319567541903	0	0.824336554191045	0.765223094987187	0.290650727387506	1.31961662408701	0.059006794452252	0.0720894398598289	0.385864816007339	0.236484350062866	0.0258106317495025	0.239585908093911	0.147333267979955	0.765809250829615	0.287448699768275	0	0	0.0638651462940876	0.738352004384575	0.0278064403013007	1.37862341853926	0.824336554191045	0.168166383529678	1
0	0.253699725826661	0.712827628763497	0.0801949196962407	0.0976541579923866	0.0435950985890277	0.213723816714832	0.274877733147447	1.05109201774739	0.714594253938853	0	1.40909667089199	0.140869406743901	0.11713592779249	0.287172371236503	0.287622791291317	0.0565735530631781	0.342776223433023	0.295073364139826	0.169275002315252	0.0309418714538859	0.0371148102379956	0.271374592994703	0.152997743178153	0.281455432672983	0.105331735033306	1.54996607763589	1.32596975089484	0.160731026381518	1
0.0800802694951367	0.269111048196426	0.863809785821004	0.14728758014124	0.09907578260515	0.0860193127711207	0.134813413869729	0.564025675010297	1.03228852026787	0.731364094966743	0	1.13179353063103	0.282757672114655	0.090762775958801	0.136190214178997	0.563198016190315	0.00568248847064737	0.0175759081887658	0.254816706837355	0	0.26334171134447	0.503559334818735	0.657544479847813	0	0	0.0489515524258968	1.41455120274569	1.59631419527817	0.176782088729922	1
0.0819927124037963	0.227893129024001	0.646843864924668	0.0965781988458776	0.159565246752022	0.0716100025269078	0.208581317166614	0.355352267558658	1.16290128613122	0.866439785482788	0.0322409073971151	1.36518142272106	0.137355878957528	0.0894369958068803	0.353156135075332	0.322356431583142	0.0482566629695023	0.327932641420396	0.31918301125996	0.238117594640262	0.161646489537267	0.0169352829662776	0.295662903413863	0.229069480741684	0.440236322264521	0.0996457559469926	1.50253730167859	1.51825355368988	0.161046998333788	1
0.0372880316794292	0.263198918202662	0.594998615748802	0.123904784310419	0.107662407774888	0.132119949398663	0.210805003432068	0.502254192980334	1.17919069182787	0.858139561046615	0.0388806041748056	1.32766905531041	0.201909906581752	0.0701078568418641	0.405001384251198	0.348104811055638	0.0365089251423392	0.377245599135178	0.290757743861689	0	0.207319672243419	0.112501149416021	0.385223340373386	0.198395352568367	0.293051364312999	0.0686637481519204	1.52957896189216	1.68144488480821	0.202227806240527	1
0	0.298290026260712	0.769235179602398	0.077598256551987	0.146857877039732	0.00132190527245615	0.242620126693173	0.307559623532744	1.03688721053612	1.05384875850854	0.0690837928618498	1.36713520003915	0.231042480497859	0.183004983172232	0.230764820397602	0.111960653962515	0.00852453696048919	0.291952045433584	0.267675894187707	0.00764029060892622	0.231562645878748	0.00239452320496474	0.28374688688094	0.213597708626574	0.331537887841722	0.0890246942270449	1.59817768053701	1.34444683406887	0.184326888444688	1
0.0653820305461177	0.226192612827677	0.635590041668128	0.200977155602871	0.0797426665001623	0.122186428021	0.20313414699359	0.487541840247561	1.02565919277398	0.688255176422328	0.0447857221599261	1.39335858927095	0.236676144972	0.037399713949681	0.364409958331872	0.362173915881831	0.0694074289883195	0.172480496621602	0.297831218446783	0	0.231369602232975	0.333985257556864	0.492941749553716	0.181911427972925	0.0686827967970194	0.0667740947519789	1.63003473424295	1.51320103302155	0.159586141970681	1
0.0496066128194998	0.248449544944059	0.603558689623447	0.192257095107266	0.0991449156056463	0.102424625206794	0.221803943039995	0.449503959752209	1.20803119167732	0.878037858317652	0.0179904940446778	1.40086703317231	0.192222622713702	0.079426982498952	0.396441310376553	0.454378004650688	0.0235121118623368	0.262579516181371	0.305914896286679	0.0089504674556786	0.150200870719978	0.1349904185932	0.387501242331599	0.181399660146505	0.188921392673587	0.0796978515592377	1.59308965588601	1.65753515142953	0.181851607705746	1
0.00370979801904968	0.253991791558627	0.766203569939319	0.235225636943562	0.143899042564118	0.0400675996053723	0.240939068308304	0.172054840534386	1.0321030818903	0.809768816015088	0.156113920837952	1.41758267902228	0.160239260846194	0.128560137980448	0.233796430060681	0.290413694216303	0.0424532937918943	0.240629176747274	0.194980397612775	0.231856622159122	0.188802253260982	0	0.134921612551347	0.181870280527883	0.385656312905919	0.0901286764897284	1.57782193986847	1.20415792242469	0.16862773758582	1
0	0.279271927629366	0.784759271089575	0.121086580950269	0.16322217120399	0.0544563818954806	0.232992497796604	0.315006326570089	1.09911177478851	0.887701193284749	0.00746808551014339	1.4420505105679	0.18667816961636	0.106686656562019	0.215240728910425	0.3653896191641	0.0390939130007523	0.36066889800773	0.263991594631946	0	0.224439298927652	0.00325140927140931	0.262704192912074	0.221828466277897	0.226538661056297	0.0875193209914955	1.62872868018426	1.4141181013586	0.161143038457499	1
0	0.212274948326012	0.693294130298258	0.219002877782564	0.0882356114942225	0.0807562087730882	0.203001901123943	0.331081983148998	0.979495928442648	0.839073604621648	0.0042847372627098	1.43185473803483	0.174636055169046	0.106446819787398	0.306705869701742	0.379905861622056	0.0151428621376843	0.274491019965501	0.645391044307509	0	0.279332168707823	0.130517006734901	0.41238018433377	0.483412310456259	0.342767072059917	0.0971586012328666	1.60649079320387	1.31057791159165	0.187203028560486	1
0.0168412027275987	0.187018258068286	0.724292847315046	0.174784561814268	0.177618039340888	0.0830592731068924	0.205588635014657	0.367859519561724	1.10639667788152	0.982499801155572	0.0765277536458237	1.59324063563765	0.22022432654801	0.13230875131206	0.275707152684954	0.371281604050706	0.0137622174612974	0.250468066020833	0.568259287604804	0.120589473932622	0.238507048726551	0.0783091155112388	0.398681800111322	0.407664574383617	0.54385770776579	0.11051907968851	1.81346496218566	1.47425619744325	0.215368024418952	1
0.158202352590436	0.188441117713789	0.626492442786348	0.200293933676301	0.121347773222777	0.131822652597901	0.204282888852674	0.325872122249839	0.931823515492362	0.972007195104598	0.00706072773543362	1.45300341908347	0.173193639805495	0.0509013209479688	0.373507557213652	0.480035233006745	0.0452913135876052	0.0783277744611211	0.434021883692897	0	0.2667268823967	0.209913322920626	0.438450443890571	0.346808536475154	0.136055851646528	0.0777633663144302	1.62619705888896	1.2576956377422	0.18272397354587	1
0	0.19865479516587	0.709668956502552	0.0683456096796352	0.191078510283169	0.0438957874365476	0.237831236202089	0.0413361644822861	0.804445705777008	0.782103768709704	0.0776905010382656	1.44556100662529	0.100307579732437	0.100864367601766	0.290331043497448	0.19533666341709	0.0370029681607042	0.306841729699417	0.24182312867119	0.0310239348036137	0.304130043904315	0	0.0627046875676627	0.17115769078108	0.324813646612377	0.0367015588706642	1.54586858635772	0.845781870259294	0.144760155038314	1
0.0188894850689	0.291590091215064	0.969421163465342	0.0535847126651062	0.204911987765686	0.0426317150355722	0.214297419726009	0.2717513812712	1.14302010125839	0.937378796674405	0.00389475164645213	1.46226675987875	0.271693616354257	0.15489410396424	0.0305788365346582	0.359712648713209	0.0368957619907486	0.239239567600634	0.398078022119052	0	0.216832959790382	0.160693581644885	0.424233806400826	0.319065356037354	0.335674259507114	0.104321565311241	1.73396037623301	1.41477148252959	0.197525818999812	1
0.101352195378689	0.260761020626902	0.892965009487632	0.148373160683714	0.172666839071402	0.0849544919280615	0.15180820086845	0.336180271438288	0.846596584009191	0.694469103033141	0	1.30732755656219	0.263476881554128	0.0763503872212239	0.107034990512368	0.406162481581649	0.00150500829715437	0.0552177761333319	0.426133444966078	0	0.279286380062519	0.234949643200919	0.47460992699972	0.125910279438514	0.15641972207776	0.0470931131255018	1.57080443811631	1.18277685544748	0.161304879149285	1
0.0866401997662869	0.30063045917375	0.989800200396345	0.0685100537429846	0.15805836983233	0.0258860960916538	0.164915681557713	0.357520659928608	0.898969593010535	0.731594817229035	0.0472884745655565	1.36665899924611	0.347682633584142	0.115196925978687	0.0101997996036547	0.293182277053317	0.0102467202142503	0.147290301330708	0.220978817001416	0.0096493172249027	0.0634281033661401	0.262268696510557	0.363183342842078	0.0635557074451084	0.161156313961897	0.0586468001043478	1.71434163283025	1.25649025293914	0.141083022070341	1
0.0361665259674382	0.291707734398235	0.999390985655554	0.169950332401314	0.0941486660684515	0.0519310376523829	0.142417094720639	0.513388299524224	1.0769923692309	0.647780242049488	0.00087833056979808	1.24960573127542	0.298349262661154	0.123783715112323	0.00060901434444563	0.450968080819155	0.0259071517712209	0.136569979174092	0.454296087174669	0	0.262534465084884	0.439492495092101	0.6485593152081	0.0823737311523733	0.151808959552026	0.0255248917757249	1.54795499393657	1.59038066875512	0.175714752764706	1
0	0.254320942610865	0.815821019014502	0.100411460713891	0.189158208083745	0.0138790401134341	0.193905366692901	0.14177770851726	0.880058715860249	0.74176578650764	0.00377521096386428	1.46225369346243	0.180215747336015	0.130931278391105	0.184178980985498	0.182693977279271	0.0404817561745257	0.349827403569313	0.334435677098877	0.0993842947755161	0.280259860766855	0	0.185532569874167	0.258577196971431	0.401407638828515	0.0570583624450959	1.64246944079845	1.02183642437751	0.14481031850454	1
0.0952503181998903	0.311597423526274	0.972846924484701	0.136449925853992	0.174993049776113	0.00806362281654998	0.172457527694303	0.298128072782	1.00963652357991	0.844770625210371	0.0222516482762959	1.424197257518	0.227021941030775	0.112476034706166	0.0271530755152988	0.296881177719828	0.0465186577110971	0.244431459538348	0.257801165729776	0	0.225233124458341	0.00197485921334002	0.296532118643813	0.189064767245392	0.258394145030279	0.0541784293963958	1.65121919854878	1.30776459636192	0.120539657522716	1
0.0436688156241651	0.258267088412394	0.874708428835505	0.0950809019680227	0.203120159463425	0.0377577853177546	0.158845721441523	0.223920369387636	0.852869073597721	0.814025394409884	0.00205433049140352	1.45706801312365	0.184853044250659	0.139293518521029	0.125291571164495	0.321837201042036	0.0302824716346263	0.125211364087872	0.36952903429875	0.00923978523205536	0.233682278768352	0.0516769186262243	0.302835641325074	0.202020373009959	0.331401340553459	0.0581781751562714	1.6419210573743	1.07678944298536	0.177051303838784	1
0.238970033321115	0.259390066481086	0.787927697042683	0.135532211970914	0.254157225202649	0	0.336662045148391	0.425571776568972	1.21957111859389	0.56844827423559	0	1.25748163328451	0.245016554329561	0.141508490367681	0.212072302957317	0	0.020673598290198	0.752298137128326	0.412099270619313	0	0.168439723301646	0.258100019812141	0.411899503260286	0.0844396425563912	0.305895867765676	0.0751667328747858	1.50249818761408	1.64514289516286	0.141508490367681	1
0.109438325385521	0.221874897916318	0.723249615230967	0.0908798588989096	0.207662922340087	0.0698552492166727	0.153412907291989	0.313424417889169	0.914462087871736	0.846734480248121	0.0478163677217565	1.25415919137152	0.192655474951002	0.0995896974942743	0.276750384769033	0.387854024664536	0.0270673136562035	0.180125429821808	0.354070169865944	0.00747332821232849	0.144821297058137	0.166130388115398	0.335179577612405	0.216675120010898	0.281772467595227	0.0630337088826539	1.44681466632252	1.22788650576091	0.169444946710947	1
0.178727193086358	0.217957117379019	0.676491105239034	0.108774381001057	0.255624714060094	0.100840288248057	0.168179903809327	0.234306453260696	1.03072443625008	0.900319344249595	0.128787908676549	1.22560759208462	0.168137990039377	0.0589394134237089	0.323508894760966	0.455572113140474	0.010979751079218	0.149106600535241	0.215705215674108	0.125182530045685	0.48910674921746	0	0.163756439548345	0.145172993318796	0.462622665520834	0.0353632169848794	1.39374558212399	1.26503088951077	0.159779701671766	1
0.0838157063696272	0.281270273810505	0.660763351037428	0.0758716738417063	0.185336175507893	0.107720186254483	0.189871921832812	0.306773890061117	1.06572613454495	0.832606678171751	0.0509475025883596	1.34957698188721	0.163904268252709	0.0723813855260153	0.339236648962572	0.452619149931641	0.0222735550854733	0.313852169570413	0.383968587100556	0.0317327266067727	0.162120862655967	0.115211659329802	0.350382770949976	0.268969342544421	0.367486843319647	0.0740771012745362	1.51348125013992	1.37250002460606	0.180101571780499	1
0.0379225051597458	0.229220536580907	0.862826067712012	0.0641828777395185	0.320133962622266	0.0579014021818517	0.195694892921008	0.141145529760786	1.02150232531615	0.947784828336973	0.121698290675546	1.32601842479175	0.192318916296984	0.129052343106646	0.137173932287988	0.316346128659754	0.0409598386418553	0.253780065177507	0.25149573503174	0.0680231207592004	0.214873053394196	0.000419417944047632	0.195033444151422	0.289288509104497	0.307243130011233	0.0786214960626607	1.51833734108874	1.16264785507693	0.186953745288498	1
0.183702141615514	0.229297192338261	0.715072358562422	0.123764764154214	0.172546961646218	0.0972943557809033	0.187273079541232	0.307868527681443	1.05779436702343	0.752693380626637	0.00901470604077188	1.37474190724139	0.168343907846606	0.0911730739059819	0.284927641437578	0.435821365875061	0.0244912296887425	0.269753567678744	0.308293234189244	0	0.203067887223661	0.0974033238549984	0.340561709388253	0.180773199482768	0.270719940520672	0.0583050416067664	1.54308581508799	1.36566289470487	0.188467429686885	1
0.259651486497653	0.357198257048302	0.944176387813893	0.0508433958480439	0.383565752645905	0.00876728202170906	0.458500562960047	0.253963380278708	1.25404511266374	0.607264324132022	0	1.4426205394111	0.238611391719303	0.141739374145701	0.0558236121861065	0.221740945963008	0.0379163510740816	0.421888034235157	0.391642489122239	0	0.215632566470126	0.173150728568511	0.300131817111686	0.194103444762707	0.38850697045205	0.0876631281733426	1.6812319311304	1.50800849294244	0.15050665616741	1
0.133624953974552	0.244846253585842	0.579816240017069	0.109194031206797	0.175241438338911	0.115994025702007	0.173088991472007	0.235913526861888	1.04482855297029	0.877703927964191	0.104312887879606	1.26095496646895	0.12303532494941	0.0745107858407906	0.420183759982931	0.52072194696071	0.0226262953724771	0.225041169877319	0.30934240185452	0.103634756023653	0.237772301892106	0.0248297273430067	0.254699663642859	0.272711226736111	0.463985891560959	0.0786384810094373	1.38399029141836	1.28074207983218	0.190504811542798	1
0.221596527830373	0.163108384032744	0.637191636967815	0.113896403464788	0.210603657981499	0.124258445150529	0.160800651633726	0.22332651013583	0.870649280876204	0.951040415107235	0.0390754735084645	1.32855091121692	0.181012009521325	0.0669095256702916	0.362808363032185	0.351863697253419	0.0197942274126219	0.095610345146597	0.441381543470171	0	0.198881827256758	0.188934172736065	0.38602785348948	0.197385883114763	0.1811611865206	0.0714802983803479	1.50956292073825	1.09397579101203	0.191167970820821	1
0.0649634434132774	0.277651071711352	0.773805371213512	0.0611912038435505	0.210580282609593	0.0638198883420277	0.198846213012216	0.23316234685561	0.935774784735953	0.890700274193605	0.0123753778883025	1.35986251949552	0.215584297129503	0.111738486439571	0.226194628786488	0.306868070031131	0.0292789576747682	0.243259752872242	0.296623361216278	0.0875619076630153	0.120049118229166	0.0509933140253525	0.254819336864112	0.258087936763026	0.270158729358535	0.0658286326713397	1.57544681662502	1.16893713159156	0.175558374781599	1
0.162308910466114	0.319119791291168	0.718064805678551	0.0872451074756064	0.261128157122008	0.10460481074335	0.171270726389808	0.311788946078815	1.05194776217877	0.809809380519587	0.0141557145954416	1.37396962591562	0.213226647839126	0.0924955209794537	0.281935194321449	0.516261839588744	0.0337473295868592	0.198454802423699	0.370187226937287	0.0305926798242012	0.160130278562473	0.231824559624196	0.445156762079738	0.209618814237992	0.349416989981592	0.0610642994784102	1.58719627375474	1.36373670825759	0.197100331722804	1
0.156667045713734	0.250453481865225	0.78162865869787	0.0493403579353143	0.213806629478047	0.0961672645111734	0.135619076715081	0.251448564041293	0.932486483039236	0.750786360580424	0.0163795813772028	1.34039474621165	0.246496063137578	0.0704377767799948	0.21837134130213	0.370165612954914	0.0154219761388142	0.112082607268361	0.310570748742274	0.0742781824653566	0.133579112043598	0.122577125876343	0.361098679214739	0.178456593792194	0.348342096930463	0.0560991915634293	1.58689080934923	1.18393504708053	0.166605041291168	1
0	0.22541786638359	0.510843282520892	0.18508922958715	0.0769841311000185	0.157229726976451	0.215507266038052	0.230201756321106	0.923293564041351	0.739122968222311	0.021453330552785	1.40124132627119	0.172223348265365	0.0301580703190062	0.489156717479108	0.402872020656463	0.0281739929216626	0.21049972332584	0.492579621435302	0	0.32469436892654	0.187755721711142	0.474885391774464	0.0813735367686024	0.211138514233749	0.0965137900449319	1.57346467453656	1.15349532036246	0.187387797295457	1
0	0.180274523330703	0.464768517666351	0.152178780517718	0.0969629013650639	0.132088146717046	0.300632654501631	0.193664532144374	0.767462522728003	0.80434896745368	0.0236890436119836	1.4918454047811	0.141310563275663	0.0623008276517511	0.535231482333649	0.238434071563391	0.0259113222653535	0.0659317244688044	0.388322719621973	0	0.175671419585706	0.281166313618607	0.432364174716837	0.126323154915778	0.312189338088612	0.0775746363397999	1.63315596805676	0.961127054872377	0.194388974368797	1
0.035148650344962	0.24768631501197	0.462551890653608	0.170776866968512	0.102973512319099	0.151563697249374	0.247830133801414	0.259494752871441	1.03893444288664	0.908206886189426	0.0437701956127972	1.44338193974887	0.142536351614488	0.0186864877914093	0.537448109346392	0.388770855379045	0.00766976712210695	0.0702719249599677	0.109452815588933	0.158550899456009	0.104265736792249	0.0293098895742245	0.241196367940693	0.118405224609729	0.262753703693287	0.0973415758648098	1.58591829136336	1.29842919575808	0.170250185040784	1
0	0.233861838380891	0.308356836102748	0.26479126201865	0.0121876504569514	0.189211264847117	0.287239134762529	0.0090646347985592	0.840265069836697	0.969584731724305	0.0784288143694056	1.41353767383263	0.0164661702462177	0.0110019623879677	0.691643163897252	0.329054681336	0.0177538258543983	0.205713651437469	0.202137460071568	0.176721498082835	0.211708384639065	0	0.135596617029917	0.194479505367396	0.305792037664526	0.0938130392229817	1.43000384407885	0.849329704635256	0.200213227235085	1
0	0.169871086394005	0.283625603963454	0.354713452037787	9.51988153677221e-05	0.171359577909036	0.265100555913898	0	0.678678933183983	0.751095510162663	0.0752951456017621	1.61927950906285	0	0.00699797832118294	0.716374396036546	0.34372803959203	0.0543008405253572	0.0663739830539687	0.101590081551332	0.314781526589542	0.112048765330894	0	0	0.182695199919409	0.323805509774056	0.0234061716213503	1.61927950906285	0.678678933183983	0.178357556230219	1
0	0.186328021788438	0.441463865091769	0.249067388953186	0.0993618023686837	0.175063668060992	0.257141759424116	0.0403296078049292	0.759112720506733	0.734267587221208	0	1.52543003735102	0.0066638698921906	0.0189841436681406	0.558536134908231	0.326551626659401	0.0272986297559922	0.165345225208481	0.259240205166611	0.144738171809436	0.210494388251958	1.0468979612399e-05	0.181675942050315	0.215753823856502	0.376716926057196	0.0978261444644352	1.53209390724322	0.799442328311662	0.194047811729132	1
0	0.131688180823731	0.251450731116367	0.286515691284866	0.0718136367978425	0.161060822196739	0.307865312652895	0	0.710401209429212	0.893273244081298	0.0425723312767489	1.54594256392286	0	0.00112613176108592	0.748549268883633	0.390592971993959	0.0259346799818601	0.158050165603496	0.253991370822042	0.0926072978864001	0.165136151542598	0	0.0906776733220215	0.244746036127324	0.297230754330868	0.095079226620826	1.54594256392286	0.710401209429212	0.162186953957825	1
0	0.162975415119562	0.148293584487134	0.301645742997194	0.0115646383211324	0.171711361379305	0.321914719525946	0	0.912544574650469	0.796027193729302	0.0497155805192127	1.48205095492417	0.00882681363978675	0.000928575694120208	0.851706415512866	0.365124294387182	0.0292208942438819	0.268186281322124	0.260818568449751	0.0584473067000861	0.332906298753364	0	0.0933741743518819	0.1766000554113	0.340077231014307	0.0914976599905874	1.49087776856395	0.912544574650469	0.172639937073425	1
0.0055296703014929	0.231876561496607	0.545038956555615	0.17035582114077	0.0720438811600854	0.133047907631054	0.282784607480028	0.184854197255083	0.900478525826638	0.891510657701265	0	1.38677132622885	0.134774749445354	0.0488688085062723	0.454961043444385	0.41634527280707	0.034768505822689	0.0766706790895129	0.329166510566769	0.0175313118304778	0.203535645825747	0.260553622057644	0.388736881114622	0.143718844271254	0.335367089989963	0.0910710538100884	1.52154607567421	1.08533272308172	0.181916716137326	1
0	0.2287907917646	0.519017732339294	0.251598108258746	0.0800183100641749	0.184734052971379	0.275114363345585	0.0773715436782347	1.044571153882	0.870068139279811	0.0560052327026455	1.47641079299177	0.109436082642103	0.018976730970826	0.480982267660706	0.389007666261151	0.0860804285225924	0.182475929696878	0.0756537818336578	0.206266619448216	0.144019099539959	0	0.0829687296789347	0.113696903998916	0.271415091356244	0.0841925602000237	1.58584687563388	1.12194269756024	0.203710783942205	1
0	0.17021344689785	0.200438914879709	0.235569695346911	0.0139235427509142	0.153377382998929	0.248325431125383	0	0.668677477554519	0.720701450454543	0.0107010641539347	1.39832209829569	0.0630513082536676	0.0028625095190333	0.799561085120291	0.331782216971826	0.0276706092679031	0.0656753132365637	0.21858129282228	0.0223970870206473	0.148651301396014	0.0502295826787812	0.149121085980802	0.144147124738829	0.305045940683162	0.0985218973536922	1.46137340654935	0.668677477554519	0.156239892517962	1
0	0.216471208502081	0.568708580703085	0.233822814341606	0.146076110178395	0.157277692632792	0.262262879742761	0.197183102991644	0.858366441462224	0.770848837174514	0.0299376516038169	1.50815147579722	0.145759501679704	0.0417936028854288	0.431291419296915	0.291118594071401	0.0351118468022538	0.211373897402385	0.292806834769107	0.0138709883778468	0.175479383322393	0.177089692425706	0.333964284373904	0.12537617935969	0.328112617732715	0.0792930593755096	1.65391097747692	1.05554954445387	0.19907129551822	1
0.0673565163725474	0.183511446288762	0.618581386267028	0.101158955945387	0.163909414977085	0.10550951793126	0.266868053810029	0.135157141683775	0.850292619593433	0.84057207687521	0.114434312925916	1.39468690897211	0.100878816440608	0.072902639221136	0.381418613732972	0.277027515852333	0.0251404055497173	0.168834816148313	0.0487558475077698	0.411192781160267	0.0733098842507014	0	0.0250909167278499	0.135994070382171	0.343447057744361	0.0667541896904649	1.49556572541272	0.985449761277208	0.178412157152396	1
0	0.312816797028266	0.680825468460039	0.0862583877414355	0.221061722464277	0.0794344700113621	0.223934309795596	0.310301312574097	1.18710145975336	0.903482877151409	0.00943983608518997	1.44199777570221	0.179692824496889	0.0912785951397444	0.319174531539961	0.307491841490988	0.0445611514612182	0.308606217690799	0.259627971377868	0	0.286251091341619	0.0664284428803629	0.300542533179084	0.029446221236469	0.118439167227497	0.0858868413490476	1.6216906001991	1.49740277232745	0.170713065151106	1
0.0635892079993237	0.281531566574646	0.636154496447686	0.0700369074235492	0.154757626760494	0.0914222925247411	0.198252245876785	0.335034000320987	1.06709924586014	0.775274925375428	0	1.34090294311344	0.216554885335273	0.079016574091319	0.363845503552314	0.343070476227403	0.019503047343803	0.214714005113905	0.365657378743657	0	0.155177277851419	0.215783732708092	0.420276634823491	0.148090632182662	0.188830792064519	0.0665619616252044	1.55745782844871	1.40213324618112	0.17043886661606	1
0.0840487723248256	0.28816480419301	0.693143634211145	0.0783608049430843	0.10287664417797	0.0916304416089289	0.142636760051706	0.328317746242221	0.962810253272465	0.868635926479192	0	1.24758001145164	0.223827745161728	0.0738153316815906	0.306856365788855	0.382586505576805	0.0171098716799455	0.192279386089649	0.424444445005681	0.0232108410187347	0.178035500513964	0.301232541985216	0.510667792986915	0.158443030717605	0.187789678993927	0.0529320648467668	1.47140775661337	1.29112799951469	0.165445773290519	1
0.0285965809729165	0.224253033743361	0.728179138516819	0.111773171017823	0.147902991303262	0.0938534246828499	0.186891323958504	0.231422328328311	0.983291383172899	0.895416606086285	0.0391234952527289	1.28500729138186	0.175779254427921	0.0850331568825093	0.271820861483181	0.222289419108158	0.0363378915936252	0.227213900630131	0.418827897836885	0	0.27326345540286	0.169039767153295	0.404062639590694	0.176434383397006	0.283064723674885	0.0770052250005522	1.46078654580978	1.21471371150121	0.178886581565359	1
0.013569588047528	0.233368788055465	0.797260149900013	0.0839977353351803	0.0851362853151937	0.0482537838690381	0.241960919337193	0.212787971835467	0.904080040508249	0.90960139393945	0.0517683311354665	1.31410510958254	0.234978936873992	0.128854604186982	0.202739850099987	0.290391719086522	0.0344906626175929	0.240435615469782	0.276711072131813	0.0648874653014038	0.147503718322727	0.160058832227945	0.349992968884314	0.160838780503439	0.283185748581074	0.0939741288739777	1.54908404645653	1.11686801234372	0.17710838805602	1
0.0485413502976461	0.308932170454057	0.768398109510552	0.117147236298832	0.232234634302552	0.0693523328479344	0.213771901099831	0.281825731641164	1.16952396476087	0.809039159856766	0.0304084005147307	1.38548930865868	0.177484709279936	0.0961250125016612	0.231601890489448	0.317510169148451	0.0224338581108815	0.275265093808351	0.228264551231583	0.0127207547277293	0.225274810175124	0.029388917645281	0.253548597300772	0.157791660845992	0.366315467384601	0.0961578451054728	1.56297401793861	1.45134969640204	0.165477345349596	1
0.045955180723215	0.189771385011095	0.679561182973167	0.127961070311702	0.142267812666447	0.0768643600229619	0.240799761158016	0.2646980819121	0.916786682464865	0.843425322175812	0	1.35672602408314	0.154721775410073	0.0857393569343953	0.320438817026833	0.3579829285018	0.0235520771649844	0.107432145771364	0.309810418407163	0	0.154175104742425	0.277389791883081	0.392383627093905	0.132103664987317	0.285203166711877	0.0792158348468967	1.51144779949321	1.18148476437697	0.162603716957357	1
0.0427830386602725	0.257746256183605	0.586069826123492	0.0489156224122254	0.13178294229937	0.125149507657569	0.181799452477582	0.205290299010968	1.06007587723781	0.927492796972654	0.0295219420826446	1.39616212984758	0.151254132692175	0.0447134231422264	0.413930173876508	0.336193311885078	0.00887130765726952	0.151062401099145	0.348941788134052	0.0695745792147893	0.141305328774637	0.097335891897651	0.352370495528026	0.268198421777158	0.326209591002663	0.088671512135753	1.54741626253976	1.26536617624878	0.169862930799795	1
0.000951622380511056	0.235724237576134	0.683458931093986	0.127514802445124	0.11378118613595	0.0686346218100072	0.213995484194936	0.302305265786449	0.853331904332046	0.712921465138939	0	1.25324791534814	0.201469371954511	0.0883733313157083	0.316541068906014	0.26626515035574	0.0117909027387072	0.165093154519173	0.493498266324943	0	0.215726352189363	0.187736542952408	0.485870068059979	0.177065124558611	0.100959995120713	0.0999546155095991	1.45471728730265	1.15563717011849	0.157007953125715	1
0.0825145926416681	0.309848859006539	0.719576747063966	0.116368081276469	0.130623723397966	0.0806290866212848	0.170953794084651	0.370071908251121	1.06170682339288	0.789550153597022	0.0108857133532168	1.32490131400201	0.266400157994649	0.0874647975293312	0.280423252936034	0.336115446262108	0.0214585699112483	0.18600481419832	0.34350400848664	0.0012167360284829	0.166623513943281	0.242058029778168	0.443181779467567	0.108138063177877	0.237180866036887	0.0578670591045092	1.59130147199666	1.431778731644	0.168093884150616	1
0.0223593298394082	0.211937814717534	0.597894912617387	0.0520061684900383	0.107294158450498	0.0937042214897838	0.209589748854693	0.237383669603624	0.93711992904194	0.76008742045341	0.122519968729493	1.36939874975596	0.175980609860438	0.0846819792779539	0.402105087382613	0.331735287197935	0.0443722421807915	0.175467323762618	0.457892195941795	0.351666275258792	0.162229641498711	0.193010556405031	0.324125646442185	0.359782856464904	0.712535948831095	0.111529289141559	1.5453793596164	1.17450359864556	0.178386200767738	1
0	0.22640676379256	0.66578927701532	0.119933960980907	0.209841342621862	0.102753739630244	0.223577539583696	0.101380944844114	1.0809646946898	0.929914744768284	0.0886553068423782	1.52788722518866	0.0835293714822443	0.106507967708654	0.33421072298468	0.302405012478684	0.0497691584969541	0.336029843873284	0.225764840596035	0.196526124974598	0.315107974149217	0	0.0549959437105721	0.227849486050894	0.476705913067094	0.0581602394488786	1.6114165966709	1.18234563953391	0.209261707338898	1
0.0572702241745379	0.252435149595684	0.668781180806533	0.195398678867012	0.190124922960166	0.0939870515090433	0.17936315720195	0.0970339577025933	1.08938558978387	0.930466045589896	0.127153709902667	1.49906940677711	0.169389300469376	0.101751276972008	0.331218819193467	0.428976311649737	0.0363354028998945	0.203001306986945	0.177688629969829	0.267011084219491	0.218674626151945	0	0.0618886169431038	0.250446693422844	0.32104831218708	0.0269607497574189	1.66845870724649	1.18641954748647	0.195738328481052	1
0	0.28884235553479	0.812368076773025	0.162976454495203	0.249683737503487	0.0622391399901292	0.203497004067555	0.28483269837677	1.21077281615565	0.927648092142816	0.0829890617552784	1.55777796256941	0.189882861342102	0.148615394413655	0.187631923226975	0.423253252649715	0.0379209969124172	0.302985947415474	0.244067809957663	0.657954939765187	0.136200961894899	0	0.18222970995373	0.346130318677817	0.7208214470307	0.0777402591959872	1.74766082391152	1.49560551453242	0.210854534403784	1
0.0591765702413351	0.281059463779212	0.626295896098701	0.100515833171972	0.201872056626151	0.123395273706262	0.194208279695119	0.187678748352437	1.08544172511823	0.963075970617557	0	1.50516305005416	0.156407323550318	0.0907004608168644	0.373704103901299	0.528097876708542	0.0458394776206708	0.214357717003033	0.304837512365067	0	0.307323502165021	0.00901256869529318	0.263732123642186	0.190988478392654	0.104232778752649	0.0531917588225762	1.66157037360448	1.27312047347067	0.214095734523126	1
0.0432977417080948	0.25153536339691	0.603267413639378	0.158386462811481	0.185837593685832	0.0798028295763899	0.200427549284399	0.124507924468941	0.967642403317745	0.858463766464794	0.26921083361004	1.49749764842013	0.125684334804724	0.0855355732301953	0.396732586360622	0.319936089771215	0.0266117137210131	0.29450762252113	0.408474559713314	0.239289231398851	0.629688009775658	0	0.0742835711171796	0.347921879568221	0.872347128326946	0.0220983840839173	1.62318198322485	1.09215032778669	0.165338402806585	1
0	0.304883034487582	0.728197215024828	0.151726662511816	0.222952419670574	0.0732867129401399	0.232694490566159	0	1.06234702492988	0.959913954544064	0.208442966565242	1.42361508005716	0.0945842605257487	0.0972815078333474	0.271802784975172	0.268041509869081	0.0207866976442241	0.481679876658361	0.243325408259622	0.0496831778141298	0.405325405902599	0	0.00658751914884635	0.203633214209116	0.484001233863969	0.0207384015736261	1.51819934058291	1.06234702492988	0.170568220773487	1
0.0471826317222142	0.220760363196078	0.694664753058574	0.132854174482258	0.190726486882906	0.0879732372455897	0.189233106831502	0.182169954226149	1.01764462084303	0.907059125645465	0.066520959206427	1.43335475443069	0.18470582904617	0.0898812255718457	0.305335246941425	0.401267417707887	0.0293549016396291	0.229986677671235	0.293863638976989	0.0550308030697677	0.222788974101411	0.000997841659571528	0.2348922736448	0.168803966610233	0.424361388822803	0.0797852283215952	1.61806058347686	1.19981457506917	0.177854462817435	1
0	0.34087447025707	0.849621743743373	0.204874332565725	0.260766073046813	0.0579476579051285	0.180683789831496	0.347042891430044	1.19924041063419	0.933272704108243	0	1.61173181121013	0.19783949031078	0.15082874563665	0.150378256256627	0.405640063724533	0.0548501875142216	0.364010805999809	0.400702996028644	0.0257385675973154	0.221309553821018	0.0431820779759826	0.401270150472873	0.225903431588076	0.285285192086991	0.0595712655026291	1.8095713015209	1.54628330206423	0.208776403541779	1
0	0.279357661336034	0.75681345709544	0.0951844256325932	0.26187685665264	0.0690728927457727	0.218336038786079	0.214174807715671	1.20120333749402	1.02093106522279	0.167390335846804	1.59259491010544	0.206379413326749	0.141442718835177	0.24318654290456	0.315801604704193	0.0636959893895668	0.358457452873742	0.290546875259138	0.382974579997208	0.137478616401698	0	0.159533430837883	0.285472773824716	0.623825387252788	0.0911449430671828	1.79897432343219	1.41537814520969	0.21051561158095	1
0.0274209613042001	0.25029449948995	0.615520789614967	0.142519479636904	0.242778714137911	0.0780442262441817	0.219461222258998	0.107762813994771	1.02340471954445	0.847006947859266	0.0456440664648234	1.49070721845571	0.0962428257211391	0.0825303131968542	0.384479210385032	0.32132576855074	0.0513538084323873	0.269903100601269	0.234924157691037	0.00156445527319	0.229983729301142	0	0.119315312848688	0.1673046587293	0.234668024238176	0.0478714330059978	1.58695004417685	1.13116753353922	0.160574539441036	1
0.142888799022824	0.279181284413584	0.680487433416339	0.167729746162579	0.205108200573306	0.114899276229852	0.201959791392614	0.237311642089426	1.07068639155114	0.904465756821494	0.00117215148841382	1.60558861806341	0.207313390665847	0.0859407681536147	0.319512566583661	0.4240673308395	0.0448819851678394	0.192466918718129	0.49278370065918	0	0.247424270677482	0.133547060281802	0.375878822926877	0.218827600804714	0.246202505098101	0.0935319910841849	1.81290200872926	1.30799803364057	0.200840044383466	1
0	0.217807976640278	0.727871333802379	0.127849699570723	0.197721230061277	0.0631833124404626	0.221657102973437	0.100801963283161	0.848173119731613	0.781658213038902	0.0426488572334388	1.36464230622645	0.115540272414944	0.120308218681775	0.272128666197621	0.245128137641434	0.0498580629193431	0.295497832085044	0.214037436743169	0.0913281447047075	0.187003015381843	0	0.0918528498365007	0.210428281666808	0.242539214669683	0.032306475697915	1.48018257864139	0.948975083014774	0.183491531122237	1
